INSERT INTO apl.economic_area
(Continent, economic_area) VALUES
('Europe', 'EMEA'),
('Middle East', 'EMEA'),
('Africa', 'EMEA'),
('South Asia', 'APAC'),
('East Asia', 'APAC'),
('Australasia', 'APAC'),
('Oceania', 'APAC'),
('North America', 'AMER'),
('Central America', 'AMER'),
('South America', 'AMER');

INSERT INTO apl.country
(Country, Continent) VALUES
('Angola', 'Africa'),
('Benin', 'Africa'),
('Botswana', 'Africa'),
('Burkina Faso', 'Africa'),
('Burundi', 'Africa'),
('Cabo Verde', 'Africa'),
('Cameroon', 'Africa'),
('Central African Republic', 'Africa'),
('Chad', 'Africa'),
('Comoros', 'Africa'),
('Democratic Republic of the Congo', 'Africa'),
('Republic of the Congo', 'Africa'),
('Djibouti', 'Africa'),
('Equatorial Guinea', 'Africa'),
('Ethiopia', 'Africa'),
('Gabon', 'Africa'),
('Gambia', 'Africa'),
('Ghana', 'Africa'),
('Guinea', 'Africa'),
('Guinea-Bissau', 'Africa'),
('Ivory Coast', 'Africa'),
('Kenya', 'Africa'),
('Lesotho', 'Africa'),
('Liberia', 'Africa'),
('Libya', 'Africa'),
('Madagascar', 'Africa'),
('Malawi', 'Africa'),
('Mali', 'Africa'),
('Mauritania', 'Africa'),
('Mauritius', 'Africa'),
('Morocco', 'Africa'),
('Mozambique', 'Africa'),
('Namibia', 'Africa'),
('Niger', 'Africa'),
('Nigeria', 'Africa'),
('Rwanda', 'Africa'),
('Sao Tome and Principe', 'Africa'),
('Senegal', 'Africa'),
('Seychelles', 'Africa'),
('Sierra Leone', 'Africa'),
('Somalia', 'Africa'),
('South Africa', 'Africa'),
('South Sudan', 'Africa'),
('Sudan', 'Africa'),
('Tanzania', 'Africa'),
('Togo', 'Africa'),
('Tunisia', 'Africa'),
('Uganda', 'Africa'),
('Zambia', 'Africa'),
('Zimbabwe', 'Africa'),
('Albania', 'Europe'),
('Andorra', 'Europe'),
('Armenia', 'Europe'),
('Austria', 'Europe'),
('Azerbaijan', 'Europe'),
('Belarus', 'Europe'),
('Belgium', 'Europe'),
('Bosnia and Herzegovina', 'Europe'),
('Bulgaria', 'Europe'),
('Croatia', 'Europe'),
('Cyprus', 'Europe'),
('Czechia', 'Europe'),
('Denmark', 'Europe'),
('Estonia', 'Europe'),
('Finland', 'Europe'),
('France', 'Europe'),
('Georgia', 'Europe'),
('Germany', 'Europe'),
('Greece', 'Europe'),
('Hungary', 'Europe'),
('Iceland', 'Europe'),
('Ireland', 'Europe'),
('Italy', 'Europe'),
('Kazakhstan', 'Europe'),
('Kosovo', 'Europe'),
('Latvia', 'Europe'),
('Liechtenstein', 'Europe'),
('Lithuania', 'Europe'),
('Luxembourg', 'Europe'),
('Malta', 'Europe'),
('Moldova', 'Europe'),
('Monaco', 'Europe'),
('Montenegro', 'Europe'),
('Netherlands', 'Europe'),
('North Macedonia', 'Europe'),
('Norway', 'Europe'),
('Poland', 'Europe'),
('Portugal', 'Europe'),
('Romania', 'Europe'),
('Russia', 'Europe'),
('San Marino', 'Europe'),
('Serbia', 'Europe'),
('Slovakia', 'Europe'),
('Slovenia', 'Europe'),
('Spain', 'Europe'),
('Sweden', 'Europe'),
('Switzerland', 'Europe'),
('Ukraine', 'Europe'),
('United Kingdom', 'Europe'),
('Vatican City (Holy See)', 'Europe'),
('Belize', 'Central America'),
('Costa Rica', 'Central America'),
('El Salvador', 'Central America'),
('Guatemala', 'Central America'),
('Honduras', 'Central America'),
('Nicaragua', 'Central America'),
('Panama', 'Central America'),
('Antigua and Barbuda', 'North America'),
('Bahamas', 'North America'),
('Barbados', 'North America'),
('Canada', 'North America'),
('Cuba', 'North America'),
('Dominica', 'North America'),
('Dominican Republic', 'North America'),
('Grenada', 'North America'),
('Haiti', 'North America'),
('Jamaica', 'North America'),
('Mexico', 'North America'),
('Saint Kitts and Nevis', 'North America'),
('Saint Lucia', 'North America'),
('Saint Vincent and the Grenadines', 'North America'),
('Trinidad and Tobago', 'North America'),
('United States of America', 'North America'),
('Fiji', 'Oceania'),
('Kiribati', 'Oceania'),
('Marshall Islands', 'Oceania'),
('Micronesia', 'Oceania'),
('Nauru', 'Oceania'),
('Palau', 'Oceania'),
('Samoa', 'Oceania'),
('Solomon Islands', 'Oceania'),
('Tonga', 'Oceania'),
('Tuvalu', 'Oceania'),
('Vanuatu', 'Oceania'),
('Australia', 'Australasia'),
('New Zealand', 'Australasia'),
('Papua New Guinea', 'Australasia'),
('Argentina', 'South America'),
('Bolivia', 'South America'),
('Brazil', 'South America'),
('Chile', 'South America'),
('Colombia', 'South America'),
('Ecuador', 'South America'),
('Guyana', 'South America'),
('Paraguay', 'South America'),
('Peru', 'South America'),
('Suriname', 'South America'),
('Uruguay', 'South America'),
('Venezuela', 'South America'),
(' Egypt', 'Middle East'),
(' Turkey', 'Middle East'),
(' Iran', 'Middle East'),
(' Iraq', 'Middle East'),
(' Saudi Arabia', 'Middle East'),
(' Yemen', 'Middle East'),
(' Syria', 'Middle East'),
(' Jordan', 'Middle East'),
(' United Arab Emirates', 'Middle East'),
(' Israel', 'Middle East'),
(' Lebanon', 'Middle East'),
(' Palestine (West Bank and Gaza Strip)', 'Middle East'),
(' Oman', 'Middle East'),
(' Kuwait', 'Middle East'),
(' Qatar', 'Middle East'),
(' Bahrain', 'Middle East'),
('China', 'East Asia'),
('Hong Kong', 'East Asia'),
('Macau', 'East Asia'),
('Japan', 'East Asia'),
('Mongolia', 'East Asia'),
('North Korea', 'East Asia'),
('South Korea', 'East Asia'),
('Taiwan', 'East Asia'),
('India', 'South Asia'),
('Bangladesh', 'South Asia'),
('Bhutan', 'South Asia'),
('Maldives', 'South Asia'),
('Nepal', 'South Asia'),
('Pakistan', 'South Asia'),
('Sri Lanka', 'South Asia'),
('Afghanistan', 'South Asia');

INSERT INTO apl.targets_industrytype
(IndustryType, description) VALUES
('Energy Equipment & Services', 'Oil & Gas Drilling, Oil & Gas Equipment & Services'),
('Oil, Gas & Consumable Fuels', 'Integrated Oil & Gas, Oil & Gas Exploration & Production, '),
('Chemicals', 'Commodity Chemicals'),
('Construction Materials', 'Construction Materials'),
('Containers & Packaging', 'Metal & Glass Containers'),
('Metals & Mining', 'Aluminum and other materials'),
('Paper & Forest Products', 'Forest and Paper Products'),
('Aerospace & Defense', 'Aerospace & Defense'),
('Building Products', 'Building Products'),
('Construction & Engineering', 'Construction & Engineering'),
('Electrical Equipment', 'Electrical Components & Equipment'),
('Industrial Conglomerates', 'Industrial Conglomerates'),
('Machinery', 'Construction Machinery & Heavy Trucks'),
('Trading Companies & Distributors', 'Trading Companies & Distributors'),
('Commercial Services & Supplies', 'Commercial Printing and differnt Services'),
('Professional Services', 'Human Resource & Employment Services, Research & Consulting Services'),
('Air Freight & Logistics', 'Air Freight & Logistics'),
('Airlines', 'Airlines'),
('Marine', 'Marine'),
('Road & Rail', 'Railroads and Trucking'),
('Transportation Infrastructure', 'Airport Services, Highway, Rail, Marine'),
('Auto Components', 'Auto Parts & Equipment'),
('Automobiles', 'Automobile Manufacturers'),
('Household Durables', 'Consumer Electronics and Home Building and Furnishing'),
('Leisure Products', 'Leisure Products'),
('Textiles, Apparel & Luxury Goods', 'Apparel, Accessories & Luxury Goods'),
('Hotels, Restaurants & Leisure', 'Hotels, Resorts & Cruise Lines'),
('Diversified Consumer Services', 'Education Services, Specialized Consumer Services'),
('Distributors', 'Distributors'),
('Internet & Direct Marketing Retail', 'Internet & Direct Marketing Retail'),
('Multiline Retail', 'Department Stores'),
('Specialty Retail', 'Apparel Retail'),
('Food & Staples Retailing', 'Drug Retail'),
('Beverages', 'Brewers'),
('Food Products', 'Agricultural Products'),
('Tobacco', 'Tobacco'),
('Household Products', 'Household Products'),
('Personal Products', 'Personal Products'),
('Health Care Equipment & Supplies', 'Health Care Equipment'),
('Health Care Providers & Services', 'Health Care Distributors'),
('Health Care Technology', 'Health Care Technology'),
('Biotechnology', 'Biotechnology'),
('Pharmaceuticals', 'Pharmaceuticals'),
('Life Sciences Tools & Services', 'Life Sciences Tools & Services'),
('Banks', 'Diversified Banks'),
('Thrifts & Mortgage Finance', 'Thrifts & Mortgage Finance'),
('Diversified Financial Services', 'Other Diversified Financial Services'),
('Consumer Finance', 'Consumer Finance'),
('Capital Markets', 'Asset Management & Custody Banks'),
('Mortgage Real Estate Investment Trusts (REITs)', 'Mortgage REITs'),
('Insurance', 'Insurance Brokers'),
('IT Services', 'IT Consulting & Other Services'),
('Software', 'Application Software'),
('Communications Equipment', 'Communications Equipment'),
('Technology Hardware, Storage & Peripherals', 'Technology Hardware, Storage & Peripherals'),
('Electronic Equipment, Instruments & Components', 'Electronic Equipment & Instruments'),
('Semiconductors & Semiconductor Equipment', 'Semiconductor Equipment'),
('Diversified Telecommunication Services', 'Alternative Carriers'),
('Wireless Telecommunication Services', 'Wireless Telecommunication Services'),
('Media', 'Advertising'),
('Entertainment', 'Movies & Entertainment'),
('Interactive Media & Services', 'Interactive Media & Services');